{
   "AvgDistanceMeters" : 39.615000000000002,
   "FOV" : 35.0,
   "GPS1" : 39.93,
   "GPS2" : 32.490000000000002
}
