{
   "AvgDistanceMeters" : 52.281999999999996,
   "FOV" : 35.0,
   "GPS1" : 48.119999999999997,
   "GPS2" : 22.829999999999998
}
